Mouse ID,Strain,Sex,test,Genotype,DOB,Date of test,Age (mo),Food and water deprived at:,"BW, g","Glucose dose, ml",,t0,t5,t15,t30,t45,t60,t90,t120,
9981,129.B6-Scon4-1,F,IPGTT,A,2014/10/6,2014/12/8,2.1,1:00PM,17.2,0.172,,82,139,210,186.5,132.5,94,86,78,
9982,129.B6-Scon4-1,F,IPGTT,A,2014/10/6,2014/12/8,2.1,1:00PM,16.2,0.162,,77,158,122,118,113,105,77,74,
9983,129.B6-Scon4-1,M,IPGTT,A,2014/10/6,2014/12/8,2.1,1:00PM,16,0.16,,78,134,179.5,229,202.5,177,126.5,83,
9984,129.B6-Scon4-1,M,IPGTT,A,2014/10/6,2014/12/8,2.1,1:00PM,16.3,0.163,,81,159,147.5,137,95,79.5,73.5,77,
9985,129.B6-Scon4-1,M,IPGTT,A,2014/10/6,2014/12/8,2.1,1:00PM,17.9,0.179,,98,155,163.5,182,160,129,112,116,
238,129.B6-Scon4-1,F,IPGTT,A,2014/11/28,2015/2/4,2.3,1:00PM,18.3,0.183,,95.5,188.5,195,147.5,119,113,106.5,90.5,
240,129.B6-Scon4-1,M,IPGTT,A,2014/11/28,2015/2/4,2.3,1:00PM,16.8,0.168,,93,250,226,148.5,130.5,110,81,96.5,
242,129.B6-Scon4-1,F,IPGTT,A,2014/12/1,2015/2/4,2.2,1:00PM,15.2,0.152,,82,156.5,164,123.5,106.5,75,73.5,86.5,
243,129.B6-Scon4-1,F,IPGTT,A,2014/12/1,2015/2/4,2.2,1:00PM,16.5,0.165,,69.5,201,176.5,131,94,85.5,81,75.5,
244,129.B6-Scon4-1,M,IPGTT,A,2014/12/1,2015/2/4,2.2,1:00PM,16.9,0.169,,128,195.5,233,187.5,181,157.5,142,121.5,
328,129.B6-Scon4-1,F,IPGTT,A,2014/12/22,2015/2/23,2.1,1:00 ??,15,0.15,,83,201,214.5,144,119,103.5,80,72.5,
329,129.B6-Scon4-1,F,IPGTT,A,2014/12/22,2015/2/23,2.1,1:00 ??,13.8,0.138,,115.5,170,190,145.5,133,122.5,110.5,122.5,
330,129.B6-Scon4-1,F,IPGTT,A,2014/12/22,2015/2/23,2.1,1:00 ??,16.3,0.163,,80.5,147,189.5,150,119.5,121,97.5,73,
331,129.B6-Scon4-1,F,IPGTT,A,2014/12/22,2015/2/23,2.1,1:00 ??,13.3,0.133,,56.5,212,150.5,95,78.5,72,68.5,58.5,
332,129.B6-Scon4-1,F,IPGTT,A,2014/12/22,2015/2/23,2.1,1:00 ??,17.2,0.172,,86.5,204.5,211,154,137,115,87.5,79.5,
334,129.B6-Scon4-1,M,IPGTT,A,2014/12/22,2015/2/23,2.1,1:00 ??,19.4,0.194,,132,243.5,249,245,212,161.5,118.5,111,
335,129.B6-Scon4-1,M,IPGTT,A,2014/12/22,2015/2/23,2.1,1:00 ??,19.5,0.195,,104,192.5,230.5,222,168,143,119.5,103.5,
336,129.B6-Scon4-1,M,IPGTT,A,2014/12/22,2015/2/23,2.1,1:00 ??,20,0.2,,96,208,300,372.5,311,266.5,164.5,115.5,
337,129.B6-Scon4-1,F,IPGTT,A,2014/12/22,2015/2/23,2.1,1:00 ??,16.4,0.164,,73,183,196.5,165,137.5,122,83,68.5,
338,129.B6-Scon4-1,F,IPGTT,A,2014/12/22,2015/2/23,2.1,1:00 ??,14.4,0.144,,60.5,129,156,114,109.5,95,79.5,75,
580,129P3/J,M,IPGTT,B,2015/2/23,2015/4/23,2,1:30 ??,16.7,0.167,,104.5,159,167,125.5,124.5,116.5,113.5,111,
581,129P3/J,M,IPGTT,B,2015/2/23,2015/4/23,2,1:30 ??,16.8,0.168,,104.5,155,194.5,164,121.5,122.5,118,115,
582,129P3/J,M,IPGTT,B,2015/2/23,2015/4/23,2,1:30 ??,16.8,0.168,,104.5,183,219,182,121.5,117.5,113,104,
583,129P3/J,M,IPGTT,B,2015/2/23,2015/4/23,2,1:30 ??,15.6,0.156,,111.5,200,203.5,214.5,132.5,116.5,110.5,106,
658,129P3/J,F,IPGTT,B,3/20/15,2015/5/19,2,12:30 ??,17.7,0.177,,99,164,263.5,244,189,158,139.5,118,
659,129P3/J,F,IPGTT,B,3/20/15,2015/5/19,2,12:30 ??,17.7,0.177,,96,187,262.5,232,221.5,187.5,151.5,131,
660,129P3/J,M,IPGTT,B,3/20/15,2015/5/19,2,12:30 ??,18.8,0.188,,86,238.5,223.5,198.5,152,129,122,100.5,
923,129P3/J,F,IPGTT,B,6/15/15,2015/8/17,2.1,1:00 ??,15.9,0.159,,90,109,128.5,146.5,115,137.5,89.5,116,
924,129P3/J,F,IPGTT,B,6/15/15,2015/8/17,2.1,1:00 ??,17.2,0.172,,101,155,178,143,121.5,109.5,98,95.5,
925,129P3/J,F,IPGTT,B,6/15/15,2015/8/17,2.1,1:00 ??,15,0.15,,84.5,115.5,145,126.5,116,114,93,95,
926,129P3/J,M,IPGTT,B,6/15/15,2015/8/17,2.1,1:00 ??,21.7,0.217,,136,196,271.5,283.5,237.5,207,152,130.5,
927,129P3/J,M,IPGTT,B,6/15/15,2015/8/17,2.1,1:00 ??,21.5,0.215,,97,145.5,229,251,213,178.5,140,124,
9981,129.B6-Scon4-1,F,IGGTT,A,2014/10/6,2014/12/16,2.4,1:00PM,17.3,0.173,,97,117,181,138.5,134.5,125.5,115,109,
9982,129.B6-Scon4-1,F,IGGTT,A,2014/10/6,2014/12/16,2.4,1:00PM,17.1,0.171,,109,149,174.5,133,115,109,100,96,
9983,129.B6-Scon4-1,M,IGGTT,A,2014/10/6,2014/12/16,2.4,1:00PM,17.3,0.173,,104,148,272,289,247,194,150,124,
9984,129.B6-Scon4-1,M,IGGTT,A,2014/10/6,2014/12/16,2.4,1:00PM,17.9,0.179,,87,124,193,168,177.5,204.5,160.5,119,
9985,129.B6-Scon4-1,M,IGGTT,A,2014/10/6,2014/12/16,2.4,1:00PM,18.6,0.186,,88,126,199,213.5,205.5,193,149,110,
238,129.B6-Scon4-1,F,IGGTT,A,2014/11/28,2015/2/11,2.5,1:30 PM,18.3,0.183,,100,103.5,183,191.5,172,173,161,134,
240,129.B6-Scon4-1,M,IGGTT,A,2014/11/28,2015/2/11,2.5,1:30 PM,18.2,0.182,,118.5,245,314.5,275.5,225,171.5,130.5,120,
242,129.B6-Scon4-1,F,IGGTT,A,2014/12/1,2015/2/11,2.4,1:30 PM,15.9,0.159,,97,120,200.5,193.5,166.5,159.5,136,117,
243,129.B6-Scon4-1,F,IGGTT,A,2014/12/1,2015/2/11,2.4,1:30 PM,16.7,0.167,,89.5,105,126,140.5,168,157.5,136.5,119,
244,129.B6-Scon4-1,M,IGGTT,A,2014/12/1,2015/2/11,2.4,1:30 PM,17.8,0.178,,128.5,172,315.5,332,305.5,252.5,175,147.5,
328,129.B6-Scon4-1,F,IGGTT,A,2014/12/22,2015/3/2,2.3,1:00 PM,16.0,0.160,,101.5,116,172,217.5,175.5,174,152,130.5,
329,129.B6-Scon4-1,F,IGGTT,A,2014/12/22,2015/3/2,2.3,1:00 PM,14.5,0.145,,127,133,192.5,155,148.5,136,134,125.5,
330,129.B6-Scon4-1,F,IGGTT,A,2014/12/22,2015/3/2,2.3,1:00 PM,17.1,0.171,,99.5,107,124,140.5,150,176,143.5,130.5,
331,129.B6-Scon4-1,F,IGGTT,A,2014/12/22,2015/3/2,2.3,1:00 PM,14.8,0.148,,128,169.5,200,172,147.5,140,125.5,120.5,
332,129.B6-Scon4-1,F,IGGTT,A,2014/12/22,2015/3/2,2.3,1:00 PM,17.1,0.171,,119,174.5,234,263.5,222,167,125.5,119,
334,129.B6-Scon4-1,M,IGGTT,A,2014/12/22,2015/3/2,2.3,1:00 PM,19.8,0.198,,131,194.5,301,334,341.5,295.5,197,130.5,
335,129.B6-Scon4-1,M,IGGTT,A,2014/12/22,2015/3/2,2.3,1:00 PM,20.4,0.204,,149.5,180,261.5,215,244,241,170.5,147.5,
336,129.B6-Scon4-1,M,IGGTT,A,2014/12/22,2015/3/2,2.3,1:00 PM,21.3,0.213,,145.5,173,253.5,277,288.5,247,191,140,
337,129.B6-Scon4-1,F,IGGTT,A,2014/12/22,2015/3/2,2.3,1:00 PM,16.8,0.168,,110,130.5,292,250.5,261,211,150.5,122.5,
338,129.B6-Scon4-1,F,IGGTT,A,2014/12/22,2015/3/2,2.3,1:00 PM,14.8,0.148,,101.5,173,291.5,306,287,215.5,150,112,
339,129.B6-Scon4-1,F,IGGTT,A,2014/12/22,2015/3/2,2.3,1:00 PM,17.4,0.174,,110,121.5,155,137,115,147.5,120,105,
580,129P3/J,M,IGGTT,B,2015/2/23,2015/4/30,2.2,1:00 PM,16.1,0.161,,80,147.5,208.5,209,197,178.5,110.5,91.5,
581,129P3/J,M,IGGTT,B,2015/2/23,2015/4/30,2.2,1:00 PM,15.2,0.152,,86.5,102,216.5,200,158,134.5,128,109,
582,129P3/J,M,IGGTT,B,2015/2/23,2015/4/30,2.2,1:00 PM,16.8,0.168,,92,127.5,167.5,175.5,137.5,179,150.5,111.5,
583,129P3/J,M,IGGTT,B,2015/2/23,2015/4/30,2.2,1:00 PM,14.9,0.149,,71.5,108,194,199.5,187.5,155,122.5,100,
658,129P3/J,F,IGGTT,B,3/20/15,2015/5/28,2.3,1:00 PM,19.1,0.191,,134,157.5,252,222,216,190,149.5,125.5,
659,129P3/J,F,IGGTT,B,3/20/15,2015/5/28,2.3,1:00 PM,17.4,0.174,,126,155,221.5,224.5,191.5,164.5,131.5,117,
660,129P3/J,M,IGGTT,B,3/20/15,2015/5/28,2.3,1:00 PM,20.2,0.202,,115.5,196.5,319,262.5,252.5,206,120.5,115.5,
923,129P3/J,F,IGGTT,B,6/15/15,2015/8/24,2.3,1:00 PM,16.9,0.169,,107,147.5,198.5,211.5,182.5,156.5,136,99.5,
924,129P3/J,F,IGGTT,B,6/15/15,2015/8/24,2.3,1:00 PM,18.9,0.189,,120.5,125,160.5,143,148,143,126.5,118,
925,129P3/J,F,IGGTT,B,6/15/15,2015/8/24,2.3,1:00 PM,16.5,0.165,,114.5,127,176.5,170,167.5,147.5,125.5,121,
926,129P3/J,M,IGGTT,B,6/15/15,2015/8/24,2.3,1:00 PM,20.1,0.201,,86,99,140,212,207.5,186,144,123.5,
927,129P3/J,M,IGGTT,B,6/15/15,2015/8/24,2.3,1:00 PM,20.5,0.205,,82.5,91.5,124.5,179,171.5,163,146,120.5,
9981,129.B6-Scon4-1,F,ITT,A,2014/10/6,2014/12/22,2.6,1:00 ??,18.3,0.137,0.0137,111,,58,53,,69.5,85,97.5,
9982,129.B6-Scon4-1,F,ITT,A,2014/10/6,2014/12/22,2.6,1:00 ??,17.4,0.130,0.0130,91,,46,32,,41.5,74,91,
9983,129.B6-Scon4-1,M,ITT,A,2014/10/6,2014/12/22,2.6,1:00 ??,16.4,0.123,0.0123,89,,86,74,,66,72,83,
9984,129.B6-Scon4-1,M,ITT,A,2014/10/6,2014/12/22,2.6,1:00 ??,19.1,0.143,0.0143,91,,65.5,53,,60.5,68.5,76,
238,129.B6-Scon4-1,F,ITT,A,2014/11/28,2015/2/19,2.8,1:30 ??,17.9,0.134,0.0134,115,,82.5,61.5,,48.5,64,77,
240,129.B6-Scon4-1,M,ITT,A,2014/11/28,2015/2/19,2.8,1:30 ??,18.9,0.142,0.0142,118.5,,64.5,57.5,,62.5,77.5,93.5,
242,129.B6-Scon4-1,F,ITT,A,2014/12/1,2015/2/19,2.7,1:30 ??,15.9,0.119,0.0119,111.5,,50,38.5,,46,57.5,63,
243,129.B6-Scon4-1,F,ITT,A,2014/12/1,2015/2/19,2.7,1:30 ??,16.7,0.125,0.0125,98,,58.5,47,,46,55,71,
244,129.B6-Scon4-1,M,ITT,A,2014/12/1,2015/2/19,2.7,1:30 ??,17.9,0.134,0.0134,113,,74,49.5,,42.5,40,51,
328,129.B6-Scon4-1,F,ITT,A,2014/12/22,2015/3/9,2.6,1:00 ??,15.6,0.117,0.0117,102,,61,47,,47,58.5,72.5,
329,129.B6-Scon4-1,F,ITT,A,2014/12/22,2015/3/9,2.6,1:00 ??,14.3,0.107,0.0107,108.5,,58.5,36,,31.5,38.5,60,
330,129.B6-Scon4-1,F,ITT,A,2014/12/22,2015/3/9,2.6,1:00 ??,17.5,0.131,0.0131,103,,77.5,43,,39.5,50,68.5,
331,129.B6-Scon4-1,F,ITT,A,2014/12/22,2015/3/9,2.6,1:00 ??,14.2,0.107,0.0107,111,,56,36.5,,32,37,53.5,
332,129.B6-Scon4-1,F,ITT,A,2014/12/22,2015/3/9,2.6,1:00 ??,17.7,0.132,0.0132,101.5,,52.5,44,,35.5,46,62,
334,129.B6-Scon4-1,M,ITT,A,2014/12/22,2015/3/9,2.6,1:00 ??,19.9,0.149,0.0149,143.5,,78.5,83.5,,55.5,70,77,
335,129.B6-Scon4-1,M,ITT,A,2014/12/22,2015/3/9,2.6,1:00 ??,20.1,0.151,0.0151,116.5,,97.5,79.5,,78,77.5,98,
336,129.B6-Scon4-1,M,ITT,A,2014/12/22,2015/3/9,2.6,1:00 ??,21.5,0.161,0.0161,128,,88.5,73.5,,71,88,107.5,
337,129.B6-Scon4-1,F,ITT,A,2014/12/22,2015/3/9,2.6,1:00 ??,17.0,0.128,0.0128,118,,68,49.5,,48,49,70.5,
339,129.B6-Scon4-1,F,ITT,A,2014/12/22,2015/3/9,2.6,1:00 ??,17.5,0.131,0.0131,127,,97,82.5,,91,117,119.5,
580,129P3/J,M,ITT,B,2015/2/23,2015/5/7,2.4,1:00 ??,16.7,0.12525,0.012525,78,,53,44,,58,60.5,66.5,
581,129P3/J,M,ITT,B,2015/2/23,2015/5/7,2.4,1:00 ??,17.8,0.1335,0.01335,119,,84,75.5,,64,66.5,72,
582,129P3/J,M,ITT,B,2015/2/23,2015/5/7,2.4,1:00 ??,17.3,0.12975,0.012975,116,,77.5,43.5,,57.5,49.5,59,
658,129P3/J,F,ITT,B,3/20/15,2015/6/4,2.5,1:30 ??,19.4,0.1455,0.01455,142,,119,84,,122,123,122,
659,129P3/J,F,ITT,B,3/20/15,2015/6/4,2.5,1:30 ??,18.3,0.13725,0.013725,131.5,,107,104.5,,92,97,101.5,
660,129P3/J,M,ITT,B,3/20/15,2015/6/4,2.5,1:30 ??,21.8,0.1635,0.01635,164.5,,108.5,93,,127.5,130,138,
923,129P3/J,F,ITT,B,6/15/15,2015/8/31,2.6,1:00 ??,16.3,0.12225,0.012225,113,,86.5,71,,64,61,77,
924,129P3/J,F,ITT,B,6/15/15,2015/8/31,2.6,1:00 ??,18.4,0.138,0.0138,114.5,,98.5,77.5,,70.5,74,92,
925,129P3/J,F,ITT,B,6/15/15,2015/8/31,2.6,1:00 ??,15.8,0.1185,0.01185,92,,77.5,72,,71,72.5,84.5,
926,129P3/J,M,ITT,B,6/15/15,2015/8/31,2.6,1:00 ??,21.4,0.1605,0.01605,116,,100.5,94,,83,79.5,86,
927,129P3/J,M,ITT,B,6/15/15,2015/8/31,2.6,1:00 ??,22.1,0.16575,0.016575,134,,113.5,101.5,,86,78,87.5,
,,,,,,,,,,,,,,,,,,,,
,,,,,,,,,,,,,,,,,,,,
