"","chr","pos","lod"
"D1Mit316","1",10.4,1.07957743527697
"rs3666554 ","1",25.7,0.293488547596041
"rs3022790","1",45.3,0.119126513675837
"D1Mit132","1",77.1,0.130732704376271
"rs3678377 ","1",85.8,0.0409502225151641
"D1Mit60","1",93.6,0.144846014549387
"rs3716148 ","1",131.3,0.0996267726656583
"D1Mit102","1",147.2,0.380163868356988
"D1Mit159","1",159.7,0.389561839565772
"rs4222821","1",170,0.539749781157127
"rs3678548 ","1",183.9,0.118577606735414
"D1MIT17","1",189.6,0.398079812370213
"rs3699344","1",190.4,0.423286755165179
"D2Mit1","2",3.9,0.0272721962077185
"rs3698941","2",11,0.0844056467731775
"rs3674936 ","2",20.4,0.0723274415808532
"rs3681655","2",26.4,0.021442425505029
"rs3689602 ","2",30.4,0.181309346273565
"rs3022883 ","2",37.8,0.0397940343637515
"D2Mit61","2",60.7,0.0576126495868152
"rs3022887 ","2",69.1,0.26891899297658
"rs3699089","2",76.1,0.314644825424523
"rs3686727 ","2",100.1,0.103736586998934
"D2Mit100,","2",106.5,0.167789181880437
"rs3659207 ","2",109.8,0.306658619864493
"rs3681694 ","2",112.3,0.332671834461394
"rs3659112 ","2",116.1,0.566197835742571
"D2Mit395","2",119.5,0.441995188656051
"rs3712844 ","2",127.5,0.728386436379708
"rs3726475 ","2",138.6,1.77990172511716
"rs3023694 ","2",144.8,2.48090456658497
"D2Mit285","2",152.9,0.7940586418012
"agouti","2",154.8,0.651119111550827
"rs3693259","2",161,0.523917079626017
"rs3687512 ","2",167,0.0599729432202025
"rs3689258","2",169.5,0.155436158846499
"D2Mit113","2",173.4,0.191989235600829
"rs3708892 ","2",174.9,0.30998556815598
"rs3680965 ","2",180.8,0.782413677308739
"rs3680834","3",11.3,0.236004412867771
"D3Mit203","3",26.9,0.0278593302552395
"rs4223936 ","3",36.4,0.124425831632436
"rs3679479","3",59.2,0.286239990321519
"D3Mit98","3",86.2,0.149637326972368
"D3Mit311","3",93,0.163322645624987
"rs3712218 ","3",109.8,0.24499641489939
"D3Mit256","3",136.4,0.0103813171601814
"rs4224279 ","3",144.4,0.0716075986040323
"D3Mit19","3",158,0.708880282392045
"D4Mit227","4",10,1.47682869972084
"D4Mit196","4",39.5,0.297971779800378
"D4Mit17","4",63.4,1.59483149156711
"rs3722264 ","4",74,1.82535932505533
"rs3726519 ","4",83.8,2.08455538495758
"D4Mit9","4",95.1,1.29443637187853
"rs3664701","4",106.2,1.19334678903886
"rs3719823 ","4",118.4,0.652584233357686
"D4Mit203","4",129.6,0.399091506854063
"rs3681494 ","4",134.4,0.125274173330865
"rs3718220 ","4",143.3,0.131306621066074
"rs4140148","4",150.5,0.481592581275549
"D4Mit209","4",154.4,0.623491591425989
"Tas1r3","4",155.9,0.53535341711904
"D5Mit146","5",8.8,0.141430046856158
"D5Mit387","5",28.4,0.622317274768079
"rs3023045 ","5",50.6,0.969442965867131
"D5Mit201","5",75.2,0.014385732154949
"D5Mit314","5",109.7,0.288817698893297
"D5Mit95","5",124.8,0.27293979445551
"D5Mit98","5",138.2,0.65853982285455
"rs3722801","5",149.8,1.30794648021572
"D6Mit138","6",4.5,0.283056258916076
"rs3024195","6",36.6,0.275782012246452
"rs3664697 ","6",50.6,0.351416943895856
"D6Mit209","6",75.5,1.04823453969783
"D6Mit284","6",92.6,0.6586298217577
"D6Mit36","6",104.5,0.369289089534561
"rs3653718","6",136.6,0.294690887358627
"D6Mit198","6",139.2,0.327373138762425
"D7Mit21","7",3.3,0.321585484222908
"rs3687759","7",12.9,0.238870233982766
"rs3666902 ","7",26.7,0.601952237969897
"rs3705780","7",35.3,0.533997608697462
"rs13479191 ","7",36.1,0.642263683451858
"D7Mit52","7",40.1,0.732650534345623
"rs13479242","7",43.6,0.355588801412011
"rs3710949","7",44.496,0.358086519529536
"rs3719256 ","7",44.539,0.321903819710144
"D7Mit83","7",51.8,0.244841644611995
"pink","7",56.2,0.275004839626661
"rs3710266 ","7",68.5,0.535174687687515
"rs3713432 ","7",78.1,0.272170999283389
"Tyr","7",87.4,0.242743049831233
"D7Mit323","7",100.9,0.358373704153337
"rs3726275 ","7",107.4,0.30991551374683
"rs13479461 ","7",111.9,0.261138104894485
"rs3658154","7",117.5,0.0390851851173579
"rs3678261 ","7",134.1,0.0391502977600453
"rs4226997 ","7",144.9,0.694336992832632
"D8Mit155","8",5,0.154059077552063
"D8Mit289","8",28.8,0.272258288873729
"D8Mit190","8",36,0.229161635383662
"rs3661085 ","8",54.9,1.13605357709247
"D8Mit45","8",87.3,0.147247313732066
"D8Mit47","8",106.8,0.346076629683807
"rs6237645 ","8",110,0.411897520844661
"rs3693295","8",122.9,0.137487117849389
"D9Mit250","9",8.4,0.552664657609284
"D9Mit2","9",37.4,1.0377889516671
"D9Mit97","9",50.7,2.75456807534778
"rs30042362 ","9",57.7,4.43723173460791
"rs30280752 ","9",61.1,5.30619749848336
"rs3668451 ","9",79.1,8.17568940455311
"D9Mit198","9",91.3,10.7306095398648
"rs4138352 ","9",94.3,11.8157844829435
"rs3692530 ","9",98.3,19.1376208525375
"rs3679358 ","9",103.2,24.641092883599
"rs13480388 ","9",104.1,26.6114563954254
"rs13480395 ","9",105.1,26.8111792049376
"rs3023231","9",106.9,28.1234683432249
"rs4227916","9",108.1,23.622648276911
"rs3685576 ","9",109.1,22.1857382359732
"rs3679771 ","9",112.9,18.7356842623523
"rs3721068 ","9",113.9,17.3510571975684
"D9Mit201","9",117.4,15.53670793674
"rs3694852 ","9",119.7,11.7677708312198
"rs3706619 ","9",123.6,7.66939010812763
"D10Mit213","10",20.4,0.734449748563009
"D10Mit126","10",27,0.445594195314072
"rs3696307 ","10",53.7,0.265139808153549
"rs3717445","10",83,0.330329417882524
"D10Mit95","10",92.5,0.807050528265847
"D10Mit14","10",118.7,1.57738697349657
"rs3023251","11",21,0.570922119924376
"rs3696538 ","11",38.9,0.043176611164597
"D11Mit86","11",54.2,0.0778983135299427
"D11Mit4","11",68.6,0.230901128157313
"D11Mit54","11",96.3,0.928187391566667
"D11Mit333","11",108.7,0.129541369200922
"rs3675603 ","11",121.3,0.311697484092235
"D12Mit182","12",10.9,0.0534827845335712
"D12Mit60","12",34.8,0.168167126986532
"rs3665793 ","12",46.9,0.0763385878442477
"rs3691446 ","12",59.8,0.107503917889403
"D12Mit91","12",71.7,0.255261547318014
"rs3724069 ","12",78.2,0.265751002036154
"rs3716095 ","12",87,0.616620538842994
"D12Mit118","12",91.5,0.214939784502576
"rs3682260","12",113.3,1.42854658803913
"D13Mit16","13",20.3,0.720777710997879
"D13Mit19","13",43.8,1.32904046268573
"D13Mit13","13",56.5,0.430095661568146
"rs3717315","13",75.9,0.0730820420529312
"D13Mit213","13",108.2,1.02546882829381
"D13Mit151","13",115.6,1.0707384821954
"rs3689508 ","14",9.8,3.08251350800759
"D14Mit126","14",21.9,4.13365607603623
"rs3669686","14",33,1.2826679756742
"D14Mit60","14",47.1,1.30950460404068
"D14Mit39","14",68.5,0.726600267537947
"rs3693589 ","14",78,0.374115240187734
"D14Mit106","14",100.2,0.0583378790380493
"D14Mit75","14",116.9,0.337891900240436
"rs3685710 ","14",123.1,0.772959624985276
"D15Mit13","15",3.5,0.978200853951478
"rs3667271","15",42.8,0.00669778853625758
"rs4230721 ","15",54.7,0.129589320797947
"D15Mit107","15",84.4,0.115563020518948
"D15Mit161.1","15",97,0.00343818254668804
"D16Mit107","16",5.7,0.261728754294381
"rs4165081","16",19.9,0.0993727450585311
"rs4173519 ","16",36.1,0.519524061957895
"D16Mit139","16",65.7,1.00981548480877
"D16Mit153","16",87.6,0.40046262402069
"rs4221067 ","16",95.1,0.84188807515676
"D17Mit143.2","17",8.4,0.259240369418876
"rs4231344 ","17",23.7,0.319589791560929
"D17Mit10","17",47.5,0.996058919257052
"D17Mit93","17",73.8,0.755215720544527
"D17Mit122","17",83.1,0.50290882282718
"rs3711314 ","17",91.8,1.03724860905135
"rs3023460 ","17",93.2,0.957407763545234
"D18Mit222","18",14.6,0.0489539406546555
"rs13483241","18",20.2,0.143110085102933
"D18Mit194","18",43.7,0.131831412097256
"rs3023468 ","18",63.5,0.230523374142479
"D18Mit186","18",72,0.22477949484545
"rs3723904","18",84.2,0.390274279153289
"D19Mit78","19",7.6,0.641739283521702
"D19Mit96","19",21.8,1.27245143980952
"D19Mit88","19",37.3,0.535058073509504
"D19Mit26","19",53.1,0.24977636025676
"rs3653863 ","X",11.2,0.144056572989371
"rs3699591 ","X",49.8,1.28669588297731
"DXMit192","X",50.9,0.997180899328612
"rs3089604","X",69.7,0.949446508114647
"rs3161045","X",71.4,1.02473207805804
"DXMit19","X",103.6,0.742059704082465
"rs3664601 ","X",130.3,0.650032647059561
"rs3702256 ","X",134.9,0.281665487146142
"DXMit216","X",143.9,0.294587935815741
"rs3698078 ","X",166.3,0.189660602498634
